{
    "function1": [
        0.0,
        -5.08259723191175,
        -0.030426555387016697,
        -6.367446058774817e-05
    ],
    "function2": [
        0.0,
        2.1607770582793706
    ],
    "function3": [
        0.0,
        -7111.874301796782,
        -34.428577673655326,
        -0.055555565665599715
    ],
    "function5": [
        0.0,
        -6.526081248941809,
        -0.011557383306369573
    ],
    "function6": [
        0.0,
        -1.2285714285714284
    ],
    "function8": [
        0.0,
        -0.8013698630136988
    ],
    "function9": [
        0.0,
        -13.99811224966213,
        -0.023730600987327932
    ],
    "function14": [
        0.0,
        -41.37941564313528,
        -0.15371507208446145,
        -0.0001916528682244234
    ],
    "function16": [
        0.0,
        0.39999999999999974
    ],
    "function22": [
        0.0,
        501.6509572906282,
        1.153166421208823
    ],
    "function27": [
        0.0,
        -19.806564250744177,
        -0.03975368560624659
    ],
    "function28": [
        0.0,
        -4.241437171954095,
        -0.008889084457659457
    ],
    "function29": [
        0.0,
        -95.77727801306932,
        -0.3649466202141522,
        -0.0004618218162448784
    ],
    "function30": [
        0.0,
        0.21428571428571427
    ],
    "function31": [
        0.0,
        -11.309298869167206,
        -0.0221473536711283
    ],
    "function32": [
        0.0,
        0.12577030812324927
    ],
    "function33": [
        0.0,
        -68.8289152733908,
        -0.23618410967000764,
        -0.00026532700056236536
    ],
    "function35": [
        0.0,
        -36.21340416057022,
        -0.11759971729192735,
        -0.000122290173024453
    ],
    "function37": [
        0.0,
        -0.5604395604395606
    ],
    "function38": [
        0.0,
        -129.1904761886602,
        -0.2619047619010644
    ],
    "function39": [
        0.0,
        0.6526315789473699
    ],
    "function40": [
        0.0,
        -0.2181050656660411
    ],
    "function41": [
        0.0,
        -0.43277310924369716
    ],
    "function47": [
        0.0,
        159.21175377585348,
        0.5834422983428742,
        0.0007107690139775968
    ],
    "function48": [
        0.0,
        8.142837266061931e-14,
        -3.01473945128676e-15,
        6.762866027922016e-13,
        -1.0793125634524438e-10,
        1.010248963189376e-08,
        8.55156412782371e-11,
        2.4768633006305184e-13,
        2.436369460402755e-16
    ],
    "function49": [
        0.0,
        -0.008768894263591556
    ],
    "function50": [
        0.0,
        -2202.594740834984,
        -7.848477726964559,
        -0.009324000853666803
    ],
    "function51": [
        0.0,
        -6688.418466011485,
        -23.607163325948655,
        -0.027777801990851003
    ],
    "function53": [
        0.0,
        0.5454545454545455
    ],
    "function54": [
        0.0,
        -7836.277549153555,
        -27.783575650351178,
        -0.0328283131830176
    ],
    "function56": [
        0.0,
        0.4
    ],
    "function57": [
        0.0,
        -36.12037962026072,
        -0.06243756243735987
    ],
    "function58": [
        0.0,
        0.09090909090909097
    ],
    "function59": [
        0.0,
        -45.78055263051562,
        -0.0739940852656531
    ],
    "function60": [
        0.0,
        23.225757575819955,
        0.03787878787888488
    ],
    "function61": [
        0.0,
        -1.7903880806052237e-10,
        3.2895461283313114e-16,
        7.004586358121601e-15,
        -1.463899280877591e-12,
        2.2946152842605075e-10,
        -2.1580597337560623e-08,
        -1.7777043499149679e-10,
        -4.982634243334849e-13,
        -4.72889031686814e-16
    ],
    "function62": [
        0.0,
        49.53014384316788,
        0.1517103969914692,
        0.00015580437798234925
    ],
    "function63": [
        0.0,
        -10.481013012595186,
        -0.016128252970361245
    ],
    "function65": [
        0.0,
        89021.03387677814,
        227.8817800153688,
        0.194445150118554
    ],
    "function70": [
        0.0,
        -3.2148233024847625e-19,
        -8.814163580872537e-23,
        1.0058879346643993e-23,
        -2.6072308261056597e-21,
        5.549209809969973e-19,
        -9.074489191031671e-17,
        9.020543593061483e-15,
        4.323219125000438e-17,
        3.810903434055122e-20,
        -3.715436847984604e-23
    ],
    "function71": [
        0.0,
        0.006060606060606061
    ],
    "function73": [
        0.0,
        25.800432900195055,
        0.04112554112517586
    ],
    "function74": [
        0.0,
        -9.243060621197611e-12,
        5.9022385594489646e-15,
        -1.6048485817753103e-12,
        2.9008912593696264e-10,
        -3.073100772674558e-08,
        -2.2349995500947875e-10,
        -5.583715706081252e-13,
        -4.756432694784669e-16
    ],
    "function75": [
        0.0,
        -21.68015262510349,
        -0.03171550671543599
    ],
    "function76": [
        0.0,
        1273.2940648894291,
        3.702236354986921,
        0.0035861751064203418
    ],
    "function77": [
        0.0,
        -11.792265274401014,
        -0.017393320964739445
    ],
    "function79": [
        0.0,
        0.0
    ],
    "function81": [
        0.0,
        -310.97650736389824,
        -0.9196665647362904,
        -0.0009070639499100253
    ],
    "function82": [
        0.0,
        -254.26075866278367,
        -0.7332540268272681,
        -0.0007043280234029226
    ],
    "function83": [
        0.0,
        11.999972382107496,
        0.018688431830426566
    ],
    "function84": [
        0.0,
        -8411.493637120837,
        -22.754547882122534,
        -0.020507201790678664
    ],
    "function85": [
        0.0,
        -299.4794399963559,
        -1.0212938318893174,
        -0.001537918021082496,
        -8.641830504529935e-07
    ],
    "function86": [
        0.0,
        -22.1412344178201,
        -0.032137427789688644
    ],
    "function87": [
        0.0,
        68.93809523671077,
        0.09740259740063095
    ],
    "function88": [
        0.0,
        0.0015769347567798412,
        1.1391502434400324e-06,
        -0.0002619783421261338,
        0.032746080500617156,
        0.0002100763407889703,
        4.6793735438208976e-07,
        3.5735825886992756e-10
    ],
    "function89": [
        0.0,
        1.6571428571428584
    ]
}